
CREATE DATABASE IF NOT EXISTS sched_db1;
USE sched_db1;


-- 1 day
CREATE TABLE `day` (
  `id` BIGINT NOT NULL,
  `day` VARCHAR(255) DEFAULT NULL,
  `deleted` TINYINT(1) DEFAULT '0',
  PRIMARY KEY (`id`)
) ENGINE=INNODB DEFAULT CHARSET=utf8mb4 COLLATE=utf8mb4_0900_ai_ci;

INSERT INTO `day` (`id`,`day`,`deleted`) VALUES 
 (1,'MTH',0),
 (2,'TF',0);

-- 2 instructor
CREATE TABLE `instructor` (
  `id` BIGINT NOT NULL,
  `deleted` TINYINT(1) DEFAULT '0',
  `instructor` VARCHAR(255) DEFAULT NULL,
  PRIMARY KEY (`id`)
) ENGINE=INNODB DEFAULT CHARSET=utf8mb4 COLLATE=utf8mb4_0900_ai_ci;

INSERT INTO `instructor` (`id`,`deleted`,`instructor`) VALUES 
 (1,0,'ARAÑAS, ROMEL G.'),
 (2,0,'AURELLO,KRIS'),
 (3,0,'CABUSOG, ALDRIN'),
 (4,0,'CINCO, GRACE B.'),
 (5,0,'CINCO, JOHN E.'),
 (6,0,'FIRMACION, HOPE'),
 (7,0,'FLORES, JEIZEL L.'),
 (8,0,'GALDO, JOANNA S.'),
 (9,0,'GONZALES, MENIA M.'),
 (10,0,'LLIDO, JESS S.'),
 (11,0,'MERTO, GEORGE B.'),
 (12,0,'MONTERON, BERT A.'),
 (13,0,'ORAIZ, JULIAN'),
 (14,0,'PAO, ALBERT A.'),
 (15,0,'RAMOS, BILLA B.'),
 (16,0,'REDONDO, RICO B.'),
 (17,0,'SALMOY, DIANNE'),
 (18,0,'SAYSON, BRYAN I.'),
 (19,0,'SUPERLATIVO, APRIL MAY A.');

-- role 3
CREATE TABLE `role` (
  `id` BIGINT NOT NULL,
  `active` TINYINT(1) DEFAULT '1',
  `description` VARCHAR(255) DEFAULT NULL,
  `role` VARCHAR(255) DEFAULT NULL,
  PRIMARY KEY (`id`)
) ENGINE=INNODB DEFAULT CHARSET=utf8mb4 COLLATE=utf8mb4_0900_ai_ci;

INSERT INTO `role` (`id`,`active`,`description`,`role`) VALUES 
 (1,1,'ADMIN','ADMIN'),
 (2,1,'USER','USER');


-- 4 room
CREATE TABLE `room` (
  `id` BIGINT NOT NULL,
  `deleted` TINYINT(1) DEFAULT '0',
  `room` VARCHAR(255) DEFAULT NULL,
  PRIMARY KEY (`id`)
) ENGINE=INNODB DEFAULT CHARSET=utf8mb4 COLLATE=utf8mb4_0900_ai_ci;

INSERT INTO `room` (`id`,`deleted`,`room`) VALUES 
 (1,0,'1'),
 (2,0,'2'),
 (3,0,'3'),
 (4,0,'4'),
 (5,0,'5'),
 (6,0,'CC-2'),
 (7,0,'CC-3'),
 (8,0,'CC-4'),
 (9,0,'CC1'),
 (10,0,'CC2'),
 (11,0,'CC3');
 
 -- 5 school
 CREATE TABLE `school` (
  `id` BIGINT NOT NULL,
  `address` VARCHAR(255) DEFAULT NULL,
  `campus` VARCHAR(255) DEFAULT NULL,
  `deleted` TINYINT(1) DEFAULT '0',
  `logo` BLOB,
  `school_name` VARCHAR(255) DEFAULT NULL,
  `site` VARCHAR(255) DEFAULT NULL,
  `tel` VARCHAR(255) DEFAULT NULL,
  `telefax` VARCHAR(255) DEFAULT NULL,
  `title` VARCHAR(255) DEFAULT NULL,
  PRIMARY KEY (`id`)
) ENGINE=INNODB DEFAULT CHARSET=utf8mb4 COLLATE=utf8mb4_0900_ai_ci;

INSERT INTO `school` (`id`,`address`,`campus`,`deleted`,`logo`,`school_name`,`site`,`tel`,`telefax`,`title`) VALUES 
 (1,'Mandaue City, Cebu 6014','Mandaue City',0,0xFFD8FFE000104A46494600010101012C012C0000FFE100224578696600004D4D002A00000008000102130003000000010001000000000000FFDB0043000503040404030504040405050506070C08070707070F0B0B090C110F1212110F111113161C1713141A1511111821181A1D1D1F1F1F13172224221E241C1E1F1EFFDB0043010505050706070E08080E1E1411141E1E1E1E1E1E1E1E1E1E1E1E1E1E1E1E1E1E1E1E1E1E1E1E1E1E1E1E1E1E1E1E1E1E1E1E1E1E1E1E1E1E1E1E1E1E1E1E1E1EFFC000110800C000C003012200021101031101FFC4001F0000010501010101010100000000000000000102030405060708090A0BFFC400B5100002010303020403050504040000017D01020300041105122131410613516107227114328191A1082342B1C11552D1F02433627282090A161718191A25262728292A3435363738393A434445464748494A535455565758595A636465666768696A737475767778797A838485868788898A92939495969798999AA2A3A4A5A6A7A8A9AAB2B3B4B5B6B7B8B9BAC2C3C4C5C6C7C8C9CAD2D3D4D5D6D7D8D9DAE1E2E3E4E5E6E7E8E9EAF1F2F3F4F5F6F7F8F9FAFFC4001F0100030101010101010101010000000000000102030405060708090A0BFFC400B51100020102040403040705040400010277000102031104052131061241510761711322328108144291A1B1C109233352F0156272D10A162434E125F11718191A262728292A35363738393A434445464748494A535455565758595A636465666768696A737475767778797A82838485868788898A92939495969798999AA2A3A4A5A6A7A8A9AAB2B3B4B5B6B7B8B9BAC2C3C4C5C6C7C8C9CAD2D3D4D5D6D7D8D9DAE2E3E4E5E6E7E8E9EAF2F3F4F5F6F7F8F9FAFFDA000C03010002110311003F00FB2A8A28A0028A28A0028A28A0028A28A0028A28A0028A28A0028A28A0028A28A0028A28A0028A28A0028A28A0028A28A0028A28A0028A28A0028A28A0028A28A0028A28A0028A29934B1C3134B348B1C68373331C051EA4D0DD807D1515B5C41730A4F6F324D138CABA36411EC454B4934D5D00514514C028A28A0028A28A0028A28A0028A28A0028A28A0028A28A0028A28A0028A4C8AC5D57C55A1E9A5967BE8DE452418E1F9DB3E840E9F8E2B3A956149734DA4BCCA8C253768AB9B54C9A58A189A59A448E35196776C003D4935C4DEF8B759BBB392EB4CD2D2C6C910BBDF5FB88E3441D5B248518FAB578C78F7E3578074876FB76BF77E35D450E56D74B6D966A71DE7385DA7D6204D73C71352BBB61A9B979ECBEF7FA1ABA3186B5656FC59EE9A9F8D6D44E6CF45B69754BB39C08D4EC1EF9EA47D38F715E53F157E26F877C3123AF8DB5C37FA921CA787F4970CE8DD84AC0ED8BAF725883919C62BE72F1C7C7AF1CF88EDDF4FD2A68BC2FA4B1FF008F4D2B31C8FF00F5D26FBEC71C1C15040E56BCA41047072178E3B576D2C9E759F362E775FCAB45F3EE632C6461A5156F37BFFC03ED8F859F15BC2FE269631E16D63FE11ED624237E87AA4C364AE7036C329F964278001C3FB015EC1A7F8D238AE058F882CE5D2EEBFBCCA4C6DCE320F503DF91EF5F98FB82F24803A75AF4DF007C70F1CF84ADA3D366BB8B5FD1900034FD594CEA8A06008DF3BD3007CA01DA3FBB455C9A549F36125CBFDD7AAFF81F208E314F4ACAFE7D7FE09FA296D3C3730ACD6F347346C3E57460C0FE22A4AF963C05F1BFC03AC4F1F95A9EA1E06D4DD94186F1CCF66ED8E9E728E00F59140AF6BD2FC59ACC56115F5CD9DB6B1A6C89BE3D434C944B1BA7F7B2B9523FEF915C52C455A1A6269B8F9AD57E1FAA3654A3535A52BF96CCEF68AC0D2BC5DA0EA217CBBE485CE3F773FEECE4F6E7827E84D6F03C66BA29D6A755734249AF2329C2507692B0B4514568485145140051451400514514005145140114F3C502869A45452CAA0B1C02C4E00FC4902B3743D60EA979A944B6CD1456771E42B93F7D86777D3B7E04566FC4374974FB7D2646F2D75099625971908C082B91DD49E0FA673CF4AAFF000FDDAFA6BCD4BFB42E2E622E5624C1489727272BC02FC8C9C7539C924D79F3C54BEB51A31DBFE07E9A3D0E98D15EC5CD9CF7C47BF8EDF51D7EE754B8D41F4AD2348935292DADA400C82240C5406F97279EB5F32788FF00690D454BC5E0AF0AE99A20CFC979784DEDD29FEF2960113E9B5857D11F1A7FE417F117FEC4FBEFFD102BE2FF00863E1FD1B5FBAD486B325D08AD2DD2655B79922660668D1F9914A0C23B1CB95404659954135D594E16854756B548DE4A4D5DEBD4CF1756A4546117656466F8C3C67E2BF185D7DA7C4DE20D435470ED222CF2931C64F5D883E541ECA00AEBBF664F0DE9FE27F8C3A6DAEB1610DF6976905C5E5E41300632891305DD9E31E6347D6ADB7807C2F2D85E24325FAEA10DB4F2055BD461E6A8B9F290A342AE0B491451153B5B74C1783815D57EC8F67A7E9FA1F8E3C51ABB594364B6906961AEEED2DA365998B4ABBDC8507091E013CE457BD39A507CA79EA3EF2B9EBB71E17F08F846E2D24FF8443C3BA1CCF28960D40D8ADE213E85E50ECA3DD48ADFBAB7D27E20AC7A3EBEBA6EB3A4CACF1EE8E06D91CA636E6295F2C2400120458C0DC58E060E3E87E2DD374DD2D34B8B5C86FF004FEB18BAD1EF2E638C7FD748E168C8F70D8F7AE8BC1FA945ABEB96DAA5B6AB6BAADBC2F25BFDA2D658DA083E4C989551888464A6431F31C85E0286C79DCFCDB3D8E8E5B7439BF8770E97E0AF05E94BA1AE9FA4DACDA6D9CB7770F03379D3BC0B29334A80481C990901898F6E02EDDA4533FE11EF09F8CB51BE593C2FE1DF115D3B0967BD4B05B648F1D079B18591BEACC6AC687A82E97E0BF0EEB173AA45A5C11E85A6C26F279E24886EB58CF92FE61547524E7CA277A96DEB90E452EABE30D3EF74D974A5D72DAC6D1C7EF64B1D16F618E41FF5D0C22303DF763DE9B9A8BD5828DD6C7CE3FB56F852C3C2BF1360FEC9D3ECF4FB0D4B4AB6BB8EDED001144C0189D548EBCC5B89EE5B27926BCF3C2BE2AF12F852F1AEFC37AEEA1A4CCC54C86D6764126DE81D41C38F660457B9FED4B65A2DFF00C31F06F8834192CA6B4B0BCB9D2D9ED2F63B904C804AA19D198020C729C672377BD707E13F03683AA78734EBFBE4D405FDDB215897518A04963692441F3C9162363246B1F3B8289E1627E6DB5E8539AF66B98E792F7B43A4F0EFED23AE6E58FC69E1BD27C46A5B2F7508FB15DB7D5E31B081E9B07D6BE98F869AA5BDFDD786753D1A5D46DF4CD66D5EEFEC973283B0ED718217E53CAF5AF887E23E83A3E8735B7F63A6A4B0DC4F7663378D9630C7318E2C8F2D0A49852590E700C678C903EC6F80DFF22C7C36FF00B0449FFB5ABC3CDB0B420A9D6A714A5CD1575A753BF0756A3E6849DD59FE47AD789B5A3A2436B70D6E65864B858A661FF2CD483F37E60715A70CF1CC5847223EC62ADB4E70C3A8FAD72FF10DA7B3B58353B7BC960313ED643B9A1907501D47A9EF8EFF00434DF8753411ADF6956D74D7896B2091AE5863CC67DD9007A0DBC9EE49EDD78D62A4B16E8CB67B7DDF7F7F4B799ABA49D1E7475F451457A07305145140051451400514579E7C5BF8C1E13F86377A75AF8923D49E4D42392487EC90AB8C2150D9CB0C7DF15518B93B21376357C7369ABCD791C96707DA6D8DBC8A5386F2A60ADE5B807A1C91F30FC715AFE13B3B9B0D0E182F1638E6E59A38915523C9CED1B78FA9E7273CD7916ADFB48FC3197C336B7F796FAEBD8EA33DC5AA2ADB207DD0AC2CF9C4831C4C98C1F5E9DF0B50F8DDF04ECA2B1926D2FC4245EDB7DA62DA09F93CC78F9FDF707746DFA571BC0578577569C6F7EEEDFA3EDF99BFD6212A6A1276B797FC13B3F8B36777A843E3DB0B0B69AEAEEE7C29790C1042859E57684055551C92490302BE28FF008559F133FE89FF008A7FF0553FFF00135F60F88FE217C1FD07C19A078C2E2CF52B8D3B5E57FB2B5B3B3BAB2603A38328C329F94804F20D6149F1C3E09C7A4DB6A6DA5F88BC9B9B99EDA3001DDBE2485DF23CEE989D31F8FE3B60638DC329254D3E66DEEFEEF849AEE8556AF27A2ECBFCCF96FF00E1567C4CFF00A27FE29FFC154FFF00C4D6B786BC1DF187C397525E691E04F124174C86359DB4496468836376CDC840276804E3381DABE894F8EFF041ACE6BA1A5F88C2452C713020E773872BFF002DBD236FD2ADD9FC68F82F75E1ED435C8F4BF108B5B0B9B7B698306DFBE71314C0F3BA6207CFE1EB5D752B632A45C67462D3FEF3FF00E44C630A31778CDDFD3FE09F38BF877E3D336E6D1FE2267AFF00A9BC007D38E2B6BC329F1F343D521D4A1F09F8B67BB854A25CCBA54ED36C272519F6EE92338E637257B80AC1587B72FC6FF8267496D4FF00B2FC44205B85B72083BB7152C38F3BA614D551F1FBE0696DBFD97E25DDE9B4E7FF00475676C474C3C7EF7FFC8957A7FF003F1FDDFF0004F13BFB1F8ED73058C71F83FC5903D95947650CEBA4CC668E1440A1236D9FBA5C28C84DBBB1972CDF3566FF00C239F1E81C8D23E2283EBE4DE7F857D25E21F8C5F06B433A68BDD33C40C751D3E2D42011EE6FDD48582E7F7DD7E53C73F5A8FC3BF1B3E05EB3AB41A76DD5B4F69DC46B35E798B1062703732C8DB47B9C003249001A2F88D65F578FDEFF00F910BD3DBDA3FBBFE09F377897C25F193C47F667D63C0FE26B89EDD0C6271A2CAB23A718572106EC638246793D6B1BFE1567C4CFFA27FE29FF00C154FF00FC4D7DABF16FC55F0B7E18ADA2788A1BE96EEEC1686D2CE592494A0382E7322AAAE78E48279C03838C4B2F8A5F076FBC3BE21D7ECECF599EC3404B37BC752E0B0B97D91840641921B839C631C66AA96231508254E8C547C9BB7FE922942949DE5377F4FF00827C8BFF000AB7E267FD13FF0014FF00E0AA7FFE26BECBF835637DA5E8FF000F34FD4ECEE2CAF20D2E4496DE78CA491B7EF78653C83F5AE7BC39F19FE0BEBDADDB69163A5F8845CDCEEF2FCCDC17E552C73898F65359DFF0BF3E05990FFC4A7C485877DA723FF235618D8E3B1518C7D9A5669EEFA3FF0009A50950A4DBE67AA6B65FE67D15E23B59EFB44B9B7B5D9E7326503A2B2B11C80430C738EBDBAD73BE07B4D623D455EEEC56C6D22B631945017CC9436D0CC072DF2A9C13C630475CD791597C6FF82577697B750E99E21F2ECA159A524104A9912318FDF75DCEBFAD6FF853F687F862FA2EA674AB5D721B4D1ED0DE4EB240A4F96678E338264249DF32F53D33E98AE6780AF52B2AB5236B7677F4E88BF6F4E34DC22EF7F2FF00827B9515E6BF0A7E34F83FE256B973A3F8763D4D2E6DAD8DCBFDAA0545281957821CE4E5857A5576CA2E2ECD18269EC14514548C28A28A002BC3FF006DBFF921377FF5FF006DFF00A11AF70AE07E3F781AEBE227C2FD4FC3561730DB5F48D1CD6AF367CBF32360DB5B1C80C32B9E719CE0E315A526A334D933578B3C23E38F1FB12F81B031F2E9FF00FA4F2576FF00B60E9D67AB1F871A55F465ED2F7C556F6D3AAB152D1B8DAC011C8E09E6B834F86BF1D7C61E0EF0EFC30F15E8FA5E8FE19D2AE51DF5317113CED120650B8491B7108E401B57242EE6EA4F6FFB48F87FE2F7897C67A07FC227E17D3750D1F41BBB7D52D6792E638DDEE909CA38695729C2F450793CD74DD292D575665AD9E9D8F0B9B56D43E1EF83BE267C12F114C5C031DC69923701D966898E064E0490ED900EC5587DE6AF68F8B7FF002621A5FF00D80B44FF00D196B55BF693F843E2FF0088BE19F0B78A6C745B5FF84CE2B38ADF58B18678E34C15DE42B3BEDFDDC85C0F98E43F538156BE2C783FE2BEA5F027C23F0E7C3FE1AB1BC84E896706B664B98966B69EDC40CA88C650A416460480C303822AB9E327177EBA859ABA363E00787A1F167EC7F61E1B9D822EA565A85B090A83E5B35CCE15F1EAAD861EE2BC17C1BF112E741FD97FC6BE06BA778B575D4A3B0B6B7917E648EE8379D163D4086E73E86415F45FECADA2FC47F0B78425F09F8DF40B2D334FD3557FB2E48A7496598C92CD24DE614918705931C2F07BD79E6A9F00F5FB8FDA9D3C4F0E98A3C2126AA9AB4B72D71137EF42F9AE8632DBC869C11F77015FEB5309C54A4A4F4BDC6D3B2B1D6FC62F0CA7837F635BBF0CAA42B25869D6514E62185798DCC26571FEF3966FC6B88FD9835AD67C49F0DF4EF85DAA7803533E13BF82FE29FC451CCEB115679A4603F75B41DE4C7F7FA8FC2BD5FF006A2D17C79E27F87DFF0008BF82B45B4D4E3D45C2EA066992378911D244285E45192CB83F7B8F4EB5E49E18F0FF00ED27E1DF856DF0EF4DF04E911E9C629E35BBFED0885D279D23BB32BADC050C0B9C1DBD875A29B4E96AD5EFDC25F1173F6D7D0EC3C33F05FC19A0E94B27D8AC75358200EDB9B60B797193DCD799F8F756F117C5CF10F80BE1E4BE15B5F0BDFDB59476F6F717D3E5AE2278D4894B322FC988CB051BB249009240AEFF00E2E7C3CF8D9E2AF027843C231F86ADEF2D74AB386E2E2E5EFE1FB41BCDB223A3334D8650AC0E40EBFC55A3F10FE15FC4EF147803C15E228745B4D3BC7FE1C945AF936B7512E6DA339864DED23296465071BBFE5A3F1DAB484A314AED5F52649B6F4373F691F0678F2CFE20F873E2B780ECD759BBD12CC5ACD64D179D2155693E709D640C26752170E382BEAB73F653F16781BC5BAA78A356D1FC3EFA0F8AAF9E39F5BB7FB43CB15C1DCE44B16EE8373B9230082C339C835CFF00883C3BFB406A7F107C31F11ADFC33A35B6BBA7691241756A6EE316CCE2E2E408B1E6B365A1910E776031EA31807C34F00FC61F0CDE78DFE26C9A0E8E3C65AB90963A39990C27CDB98E49D98ACA1400AA76FEF0B120EEC9FBD93B7B3E56D5FF00E095AF36C739FB0CD9FF00685EFC4AB1F33CB3716F6B16FC676EE374338EFD6B17F6A7F047FC2BAF843F0FFC23FDA7FDA66CAE3526FB4883C9DFE648927DCDCD8C6FC753D2BADFD9A3C03F19BE1CF8DE76BDF0969F168FAD4B12EA93CB790C8F0471F98418C24D9CE64EE1BB7D6AF7ED55E05F8BDF11BC4F1E9BA47856C6E7C3DA636ED3EED2EE28A694C9147E66F0F28E8EAC07CA381DFAD69CEBDBDEEADFF02C2B7B9B6A7B069FF0DD2DBE336B3F1124D512E23D53495D35B4D7B5F9514188962FB8EE07CBC6DDA3EF75AF97BC6F65E2DF82FF0011FC43F0FF00C14E5B4FF1ADBC70E949E710F0F9D2EC5DAC5B21D732C4189E8C8E4E4003EBBF86D79E31BEF08DB5CF8EB4AB2D2F5D2F209EDAD1C344AA1C8420877EAB83F7BAF61D2BE75F8C7E09F8E5E29F8C967E2EB1F07E992C1E1FBD53A4325E428B710C3706588CAAD3EE24F19C6DFA03595097BED49E9FE5B1535A688FA0FE117826C3E1EF8074DF0C596D77B74DD7538183713B7324873CE09E003D1428ED5D6D6678566D62E3C33A64FE21B586D35892D226BF8216CC714E546F553B9B203640E4FD4D69D72C9B6DB668B60A28A290C28A28A0028A28A00CED5EE2DDE39B4F179E55DBC459238A609311CF2BDFB1E715CEE81676DAD4135C59F883C46628A4F2B735D81B8ED0491F2F4F9AA6F88B169FF67B4BAD416F635865CA5D5A85262271F7B2738240E9DC0FC68FC37BB8A3BCBDD36DF6259C4C040DDE763B8EF24F392AA081D80FC6BC7AD514B18A94ED6FF81A7EA76C216A0E71DCC4F16DF5C78767F104F36ADAE5CDA691A34FA908D2F76C929893795DC4606707B57887FC350693FF00407F16FF00E0ED3FF8D57D03E3CD2E3D4FC55269321D916B3A35C58BB1E9F3A48A7F98AFCDF45776545462EC400B8E727B63D6BD0CAB0542B7B55515DA93EAF6DCE7C5D79C39395EE8FA7FFE1A7F49FF00A03F8B7FF0769FFC6A8FF86A0D27FE80FE2DFF00C1DA7FF1AAF09FF8403C456EA1F5C5B2F0DA15DFFF0013ABA5B594AFF79606FDFB8F748DAB46C3C17A1C9642FC6AFAEEB56AB3A5B3CFA2E8123DA899880B1B4F70F0EC6259700C649C8E39AF53FB3307FCBF8BFF003397EB55BBFE47B37FC34FE93FF407F16FFE0ED3FF008D527FC350691FF408F16FFE0F13FF008D57876A4FE05D2AF64B5FF8473C417734640266F115B18FA74222B63EBD0487078EA315D57873C151DEF83BC41E20BED1534EB6BD48468F66CC6472FB80420B73F3B1080FF1076C00315CD8AC2E070D0529C77692D5EB77EBF335A556BD595A2FF03D32E3F698B0B7754B8D07C6313322C8AAFACAA92AC032B60C5D082083DC1CD45FF0D41A4FFD01FC5BFF0083C4FF00E355C5FED09E109E4D7F4EF1169D01B97BF992CE6839F9E6C7EEF1CFF128DBDB951CE4D725E1FD2FC3BE2786F2E74FF047891BEC853CFF00B0EBF01C160E5552192D8BC8C56391B6AB310B1B13C29359E02860719878D68C77DD5DE8FEFF00B8AC44EBD0A8E0DFE07B0FFC350693FF00407F16FF00E0ED3FF8D51FF0D41A4FFD01FC5BFF0083C5FF00E355E33ABF847C3B6B3B453EADE20D064C9509ACE864439D892604B0492337C9246DC45F75D4F422A80F00EBD7647FC23F269DE25DC0B2A6917426B82BEBF663B6E00F731015DBFD9983FE5FC5FF009987D6AB77FC8F75FF0086A0D27FE80FE2DFFC1DA7FF001AAF6BF086A971E251E19BC8752D72D2D75BB0FB5B4525EEF923055C8018003F8476AFCF6B88E4B79DE1B88DE196362B2248A5591875041E41F6AFD0AF855617366DE0FD2EE632973A47862D62B9423EEC8210187E7257999AE0A8518D3F66ACDC92DDEDD7AF63AB095E7372E67B26753ADE9B0E9168B7775E21F11083CC54665BB076E7BE36F35ADE19BCB43A7595BFDBDE5B89A11388EE270F3ED61BB9E9903763A7A561FC4EBB3E45B69CBE5C915CB3472873811B9DA63627B60E4FA10187D27F0147A5497BA8DF6971DE3ACB260DC4EAA17D7620CE71CF71E95E742A28633D9D3B5BE7EBA7F5A753A250E6A1CF23AFA28A2BD838828A28A0028A28A0028A28A00CEF105B5C5D697710DAF926565E1268C3C6FF00EC907D7D6BCE52F6FB4BD6ADB5AD474F362B1ABA2DB6D288CE1163CA0EC3694CFF00B871D857AA4D1A4B0BC5222BA3A9565619041EC457966B3A469161ABDD588BA991188961B39A1648D9C1E00933D08DCA1B1C67AF15E266F09271A91DD79F5E9A7FC1F933BF0525AC59D2FC4A492DE2D375D89373E9F72198671952475FC540FC6BE3EF8C1A85C780FE354FA4DB63C3DE19BBB98AF9AEB42B7FB3DDDCD94CC1E422724CAC3975D81C47B938551803EBAF07DD8D63459B47D5CBB5CDE2CB312782D1E42EEF6F9B207A6CE3802BCABE2CF806DFC53A2B595E688354F13786D247D2EDBED2605D421382D0B328DEC0005D15594E780CB9635D980C5C2388F68FE1A897CA4BFCD18E228C9D3E5EB1FCBFE1CF9D7C51A5C7E1CFEDEF0CDD58E9F6B76B7B69AB582BDA1374D13B1592D95E68D27CE658DB69032B0BB7CC0EE6D9F1C68378DA97885ECF4DB9D16DF56BAB6D4ADA6D71EDF48C5DC2D32B48A97122128E269640A80EDDEAB8C2E6B819FC75E25B7592CF47962F0CDBF31BDB68D0FD8CB2F749245FDECA073FEB5DCF26B96EE589C92724FA9F5AFA9507D4F2B991DBFC588F47BCF155EEB965A8E8F18BCBBDCDA5D8CC666B753924ABC76D141B060001599B24125BE661EDCDA858C7E1C4F1D6BD33FF00674082EB4DB089408A146F9612178DF2B065C163B50B606DC163F3A781FC2FADF8CFC4D6BE1DF0EDAADCEA3721CC68D2045C2A966258F03807AF7C0EF5F407FC29DF8C975F0E65F066ABA0594B1C655ACAEA3D4A2DF1ED6C846527E65C6541041518E0E00AF1B39C17D63D924F67AEBAF2BDEDFD5FF27DD82AFECB9B4DD69EAB63AABDB5B1F1469FA4DDDB5EEEB58AF20D4217886448633B954E7A0CE33DF8FAE3C6F40D6F4AD37E21EBA27FEC7DF67E2AB6D56D05EDECD6CB24B6F3C8480D1C2E98C33A8DEC81778387C103D0FC33F0A7E36786BC072F87F47D12C85EDC4EF2B5DCBA9C58B70C00C46A0F5F977649E0B1E0F5AF9F3E207833C41E03F109D07C4D662DAF7CA49942B875746CE19587046430FA835CD9265B2C2D4A8A53BC768F7B5F735C762A35A31B2D7A9EB9716536AF651DBE856971773D8E8B71616F16993DBEAEA4BDAC165E6486D6569119ED600A418400E739C1E1F0685E10F12EAD79A3DB496F7261961D2AD639101BF5B58238D3CE8E00914FBFCB7F3CA949086B19232D89707E7F61B860D74D6DE3BF132DB4767A95F26B9631A6C4B5D6625BD8A25F48FCDCB43C7788A1F715F42E93E8CF379FB9DEF80AF2FBC7BF16B4FF00055C5BC5AF6813DD794F0EA72C974D6D6B18CCA6DEE6448AE214DAAC51329FC0AE18E73F68F8033A86ABACF881B252E26F2A02460EC5FF00EB6C1F81AF18F837E0787C39A2A6A51F869B45F16F89AD96192C3ED0F2AD95A9249C093324664F94B2BBBB285E4A9CA8F60F13B45A1F8546836123ADDC50A4EAEBC310B202EFEC7A9FA67B035F319962E13AFCCBE1A49FCE56DBD6DFA1E9E1A8B54EDD67F918FAADE5D6A9E26BBD474FB5FB7C702985ADB6B3A36D6214B01F794E778F7047B9EEFC2D6D776BA44297896F14A7E630C118448B3CEDC0EFEA7D6BCEB4ED374DBFD42DAC6E6EA6496590CB77636F6EC543E73B4B67E5C0EBC1DA7760D7AB5B4315BC090431A471A0C2AA8C003E95C39546539CAACBF3EAFCBA7DFF0023A318D462A08968A28AF70F3C28A28A0028A28A0028A28A002B9FF1B69F35E69E26B6D3ECAF66832C239D58923B852A473C74EF8AE82918641159D6A4AAC1C25D4B84DC24A48F2CB85D42032F8ABEC17361385923922F2CA849586048037453BC9EFF0030F7E37AEA2B5F18E9969796928B3D622884D190482B86231EBB7729C1EA383EA09E31F0B4734ADAA477DA9799C868E346B8620E7210646DEFDF1F4AE5F4ABBFF8A861BBD1D2EA286C633E6C0C80B2C5B8961F2F51B98F51919CF38C8F9B929E1AA3A5515E32FC5FF32EC7A91B558A9C1EABFAB799E65F19BE0FD878E6FA6BDB210787FC6C09334530096BAA31EE48E1253FDE1F2B1F73B97E59F14F87B5CF0BEB3368FE21D2EE74DBF84FCF14EB824671B94F465383865241EC4D7E87E9FA9E8DE26D12D2D35C8CFDAC48B6CB3F01B715255C376DDB7A74CE38C56578D3C13F6FD24E93AFE8B6DE2DD0D0E228E5522E6DB200CC6EBF3A1C60654F41D057B980CDE74A9AE7F7E1DD7C4BD57EA8E0AF838CA5A7BB2EDD1FA33E67FD9535EF057DAAEBC23E27F87967E2AD4EFEE04BA5BFD8ACE49788C99232F70E8028081946EEA5BD467E91FF008457C1BFF46E23FF0000344FFE49AF06F10FC03962D4A3D6FE14F899D6FEDE51341A6EA0EB05DC5206CAF9530C23904700EDC01C935EAFF0F6EF54B9F127867C17E2AFF84BADB58BEF0F3EA3797526BD3C644F14C6274F28718380E183630C3031CD7ADF58A5885ED28CEE8E374E74DF2CD599D17FC22BE0DFFA3711FF00801A27FF0024D7CFDFB55EB9E06B2B58FC1BE1FF0086765E16D7639927BE95B4FB159522DB95457B791F6962558F20ED03B357D31E3FF08DDD8F81B5EBCF0FEAFE2CB8D621D3AE1F4F897579DCBDC08D8C60296F9BE6C71DEBE6CD27E04EB1AAEAB2EBFF0017FC592C37B3E1A6B3B4956EB509485000794E638F00003EFF001C71447114A8AF695676483D9CE6F960AECF02D0747D5B5ED560D2B45D3AEB51BE9CE2282DE32EED8192703B000927A00093C57D43F067E0CD9F82750B4D5BC47141AE78BC306B3D322224B7D39C7479187124ABD78F954FCD9242B8F5AF00F821749D3BFB3FC23A15BF84F4B931E74C416BBBA00E46F91BE77EA7009000240E38ADE9AFB42F08E9B790E911F9D7F11481A56C162ECA48DC7D06C3F28E3231D6BCBC76713AB07ECFDC87F33DDFF857F99D74307184BDEF7A5D96DF3659D3EDADBC2F6D3EAFAD5C2DC6AF3C4D2B1CF3C100AAFE2CA33FD056047FDA1AA887C532D9CF7D2449E588238CED924DED8C0193B02E09F53C73938A7AADF48FAADB6A9AC7DA5A0B8B48D56354DA5D7CB01C0DDF757717E4727A8C641AE93C27E178E5B81AACB79AA21FE08A48CDB3A8EC0953CAE318DB81C7E15E045CB115152A4BDD5D2FAFF89F7F43D076A51E79BD5FF5646BF822C6E62825BFBCD36CECA7B93BB6C48C24C1E7E6DCC71EBB7FAD74B483A7AD2D7D251A4A94141743CB9CDCE4E4C28A28AD480A28A2800A28A2800A28A2800A28A280108CD735E2CF0FDDEA61A7835ABCB42A33E520CC640F65C127EA4FB574D486B2AD4635A3CB2D8B84E5097344F1AD416DA5787499A1D423BD6906F9A5888F3989C02D172DD0E320E48E48278ADED2B54D6348F15416D771CB25B5DF916D233B6E06454542EAC3BE7923AE0F201E9DCEB5A643AA58359CD24D1C4E30DE53ED247A1F51EDD2B8AB9F0C5D7875A5B8D2ACA6D5CC9194649B6F9417D1901CC87D31803AD78153035B0D35386A934EEBCBA5B5BFAFDE7A31C453AB1E597F5F3E8588A4F0F78A8DEC1AA5AADBDFDBB49BDD3E5728A48041FE2C0C020E79EDCD47A7C1E21B0B486FF41BF8F5AD3C8CA4171FEB2318C6D073C1038C023E9587A7345A6DC4BA86A76BFD97738658A2789CACE1810DFBB2DB97AFDEC85F6C8ABBF0CA49EC6E6EE70D2DC5814DAEB029764932369283E6E9919008F7E2B2A35FDA54829AB49DEED68FC9BFD6EBCCD274F963271D5767B7CBFE01A778BE28D52DA4BBD5EFA3D074D45DEE91FF00AC2BEFCE7DB191FEED559E6F0EF85B43B5BDB1B5F3B51BA8165B76B8C3C88187DE3D97AF6C67F50CF89B3CF7D1DAC8AD35B58216526E11A2DF21C630846E3C77C60735937DF67D4A0B3934F88EA5756D025BFD9D51D7CB8D7EE9DA0EE73CFDE0401DC7228C456F67524A3AC92D24F57EA97F92152A7CD14E5A2ECBF5FF00826EEBFAB6AF77E30163631CAB6F62FC94207CED1900B31E07DE200FE66B9AB58ED6CEE6EB489A0BDBABC770A5E24DC1245040658CF2E4066C1247072003835D15AF876F7C44B036A7A6C9A32C29B63F202AC646727F764EE463EBC838AECF40D220D1ECC5ADBCB3C918E9E7386C7D3818FA0E3F5AD2183AD8AA8EA4B4576EEFCFA25A5BB5FE689957A7463CAB7F2FF331FC27E1FBDB265BDB9D72FAE4BFCDE53A95539FEF2BE4EEF7E0D7520605006296BDFA1421421CB1FEBEF3CDA952551DE41451456C40514514005145140051451400514514005145140051451400514514019D7FA26917CCEF79A6DB4D23801A468C6FC0E9F375FD6A5D334CB0D32DCDBD8DB241193B885EAC7D493C93F5AB94566A95352E65157EE573CADCB7D0ABA85859EA16C6DAF6DD27889CED61D0FA8F43EE2AB58E81A2D8B235AE9B6D1BA72B26C05C7FC08F3FAD69D143A54DCB99C55FB829C92B27A0514515A12145145001451450014514500145145001451450014514500145145001451450014514500145145001451450014514500145145001451450014514500145145007FFD9,'UNIVERSITY STATE COLLEGE','usc.com.edu','(088) 813-5771 to 5773','(088) 813-2818','SUMMARY OF TEACHING LOAD FOR SATELLITE CAMPUSES');


 
-- 6 section
DROP TABLE IF EXISTS `section`;
CREATE TABLE `section` (
  `id` BIGINT NOT NULL,
  `code` VARCHAR(255) DEFAULT NULL,
  `deleted` TINYINT(1) DEFAULT '0',
  PRIMARY KEY (`id`)
) ENGINE=INNODB DEFAULT CHARSET=utf8mb4 COLLATE=utf8mb4_0900_ai_ci;

INSERT INTO `section` (`id`,`code`,`deleted`) VALUES 
 (1,'BPA1A',0),
 (2,'BPA1B',0),
 (3,'BPA2A',0),
 (4,'BPA2B',0),
 (5,'BSBA1A',0),
 (6,'BSBA1B',0),
 (7,'BSBA1C',0),
 (8,'BSBA1D',0),
 (9,'BSBA2A',0),
 (10,'BSBA2B',0),
 (11,'BSBA2C',0),
 (12,'BSBA2D',0);


-- 7 semester
CREATE TABLE `semester` (
  `id` BIGINT NOT NULL,
  `deleted` TINYINT(1) DEFAULT '0',
  `semester` VARCHAR(255) DEFAULT NULL,
  PRIMARY KEY (`id`)
) ENGINE=INNODB DEFAULT CHARSET=utf8mb4 COLLATE=utf8mb4_0900_ai_ci;

INSERT INTO `semester` (`id`,`deleted`,`semester`) VALUES 
 (1,0,'1st'),
 (2,0,'2nd'),
 (3,0,'Summer');

-- 8 subject 
CREATE TABLE `subject` (
  `id` BIGINT NOT NULL,
  `deleted` TINYINT(1) DEFAULT '0',
  `subject` VARCHAR(255) DEFAULT NULL,
  `units` INT DEFAULT NULL,
  PRIMARY KEY (`id`)
) ENGINE=INNODB DEFAULT CHARSET=utf8mb4 COLLATE=utf8mb4_0900_ai_ci;

INSERT INTO `subject` (`id`,`deleted`,`subject`,`units`) VALUES 
 (1,0,'BACC 10',3),
 (2,0,'BACC 4',3),
 (3,0,'BACC 5',3),
 (4,0,'BACC 6',3),
 (5,0,'BACC 7',3),
 (6,0,'BACC19',3),
 (7,0,'CBMEC 1',3),
 (8,0,'CBMEC 2',3),
 (9,0,'FMPR2',3),
 (10,0,'FMPR3',3),
 (11,0,'FMPR4',3),
 (12,0,'FMPr 2 ',3),
 (13,0,'FMPr 3',3),
 (14,0,'GE 101',3),
 (15,0,'GE 102',3),
 (16,0,'GE 103',3),
 (17,0,'GE 104',3),
 (18,0,'GE 105',3),
 (19,0,'GE 106',3),
 (20,0,'IS 102',3),
 (21,0,'IS 105',3),
 (22,0,'NSTP 12 ',3),
 (23,0,'NSTP 2/CWTS2',3),
 (24,0,'PA ELEC1 ',3),
 (25,0,'PACC2',3),
 (26,0,'PACC3',3),
 (27,0,'PACC4',3),
 (28,0,'PACC5',3),
 (29,0,'PACC6',3),
 (30,0,'PACC7',3),
 (31,0,'PACC9',3),
 (32,0,'PATH- FIT 2',3),
 (33,0,'PATH- FIT 4',3);
 
 -- 9 time
CREATE TABLE `time` (
  `id` BIGINT NOT NULL,
  `deleted` TINYINT(1) DEFAULT '0',
  `end_time` TIME DEFAULT NULL,
  `start_time` TIME DEFAULT NULL,
  `time` VARCHAR(255) DEFAULT NULL,
  PRIMARY KEY (`id`)
) ENGINE=INNODB DEFAULT CHARSET=utf8mb4 COLLATE=utf8mb4_0900_ai_ci;

INSERT INTO `time` (`id`,`deleted`,`end_time`,`start_time`,`time`) VALUES 
 (1,0,'09:00:00','07:30:00','07:30-09:00 AM'),
 (2,0,'10:30:00','09:00:00','09:00-10:30 AM'),
 (3,0,'12:00:00','10:30:00','10:30-12:00 PM'),
 (4,0,'13:30:00','12:00:00','12:00-01:30 PM'),
 (5,0,'15:00:00','13:30:00','01:30-03:00 PM'),
 (6,0,'16:30:00','15:00:00','03:00-04:30 PM'),
 (7,0,'18:00:00','16:30:00','04:30-06:00 PM'),
 (8,0,'09:00:00','08:00:00','08:00-09:00 AM'),
 (9,0,'10:00:00','09:00:00','09:00-10:00 AM'),
 (10,0,'11:00:00','10:00:00','10:00-11:00 AM'),
 (11,0,'12:00:00','11:00:00','11:00-12:00 PM'),
 (12,0,'13:00:00','12:00:00','12:00-01:00 PM'),
 (13,0,'14:00:00','13:00:00','01:00-02:00 PM'),
 (14,0,'15:00:00','14:00:00','02:00-03:00 PM'),
 (15,0,'16:00:00','15:00:00','03:00-04:00 PM'),
 (16,0,'17:00:00','16:00:00','04:00-05:00 PM'),
 (17,0,'18:00:00','17:00:00','05:00-06:00 PM');
 
 
-- 10 user_account
CREATE TABLE `user_account` (
  `id` BIGINT NOT NULL,
  `active` TINYINT(1) DEFAULT '1',
  `firstname` VARCHAR(255) DEFAULT NULL,
  `password` VARCHAR(255) DEFAULT NULL,
  `surname` VARCHAR(255) DEFAULT NULL,
  `username` VARCHAR(255) DEFAULT NULL,
  `role_id` BIGINT DEFAULT NULL,
  PRIMARY KEY (`id`),
  KEY `FKjgd30iy5puethqpw1ddipxrt4` (`role_id`),
  CONSTRAINT `FKjgd30iy5puethqpw1ddipxrt4` FOREIGN KEY (`role_id`) REFERENCES `role` (`id`)
) ENGINE=INNODB DEFAULT CHARSET=utf8mb4 COLLATE=utf8mb4_0900_ai_ci;

INSERT INTO `user_account` (`id`,`active`,`firstname`,`password`,`surname`,`username`,`role_id`) VALUES 
 (1,1,'ALDRIN','ADMIN','CABUSOG','ADMIN',1);
 
 -- 11 school_year
CREATE TABLE `school_year` (
  `id` BIGINT NOT NULL,
  `deleted` TINYINT(1) DEFAULT '0',
  `school_year` VARCHAR(255) DEFAULT NULL,
  `semester_id` BIGINT DEFAULT NULL,
  PRIMARY KEY (`id`),
  KEY `FK9txoctl8kj1dn5muexj2dxwdw` (`semester_id`),
  CONSTRAINT `FK9txoctl8kj1dn5muexj2dxwdw` FOREIGN KEY (`semester_id`) REFERENCES `semester` (`id`)
) ENGINE=INNODB DEFAULT CHARSET=utf8mb4 COLLATE=utf8mb4_0900_ai_ci;

INSERT INTO `school_year` (`id`,`deleted`,`school_year`,`semester_id`) VALUES 
 (1,0,'2024',1);
 
 
 
-- 12 campus_head
CREATE TABLE `campus_head` (
  `id` BIGINT NOT NULL,
  `active` TINYINT(1) DEFAULT '1',
  `campus_head` VARCHAR(255) DEFAULT NULL,
  `satelite_director` VARCHAR(255) DEFAULT NULL,
  `vpaa` VARCHAR(255) DEFAULT NULL,
  `school_year_id` BIGINT DEFAULT NULL,
  PRIMARY KEY (`id`),
  KEY `FK28i2pxk6oq16ekgwqb99y82bi` (`school_year_id`),
  CONSTRAINT `FK28i2pxk6oq16ekgwqb99y82bi` FOREIGN KEY (`school_year_id`) REFERENCES `school_year` (`id`)
) ENGINE=INNODB DEFAULT CHARSET=utf8mb4 COLLATE=utf8mb4_0900_ai_ci;

INSERT INTO `campus_head` (`id`,`active`,`campus_head`,`satelite_director`,`vpaa`,`school_year_id`) VALUES 
 (1,1,'DR.ALFRED A. MONTE CALBO','DR.GRACE A. VASSALO','DR. HAZEL M. ABEJAR',1);
 

-- 13 schedule
CREATE TABLE `schedule` (
  `id` BIGINT NOT NULL,
  `deleted` TINYINT(1) DEFAULT '0',
  `campus_head_id` BIGINT DEFAULT NULL,
  `day_id` BIGINT DEFAULT NULL,
  `instructor_id` BIGINT DEFAULT NULL,
  `room_id` BIGINT DEFAULT NULL,
  `school_id` BIGINT DEFAULT NULL,
  `school_year_id` BIGINT DEFAULT NULL,
  `section_id` BIGINT DEFAULT NULL,
  `subject_id` BIGINT DEFAULT NULL,
  `time_id` BIGINT DEFAULT NULL,
  PRIMARY KEY (`id`),
  KEY `FKh0f2osad0fny475ietfhjj4aw` (`campus_head_id`),
  KEY `FKgfxcb64uldhrvv0q1t9ibt7eg` (`day_id`),
  KEY `FKne3g82rxua35acpihh5klpi4k` (`instructor_id`),
  KEY `FKrlwcatu089qg14qyxuaclu7n` (`room_id`),
  KEY `FKo1wbjmkxt8ayo8gs8wfvef4iy` (`school_id`),
  KEY `FKdwl4wb0fujs0fx3udm3mw8vmh` (`school_year_id`),
  KEY `FKchrs68gme94ju1drb8gp8rj2l` (`section_id`),
  KEY `FKjoucmes1e89rf6ephlayumnop` (`subject_id`),
  KEY `FKdxyviynkkraer6iqruxo7c95b` (`time_id`),
  CONSTRAINT `FKchrs68gme94ju1drb8gp8rj2l` FOREIGN KEY (`section_id`) REFERENCES `section` (`id`),
  CONSTRAINT `FKdwl4wb0fujs0fx3udm3mw8vmh` FOREIGN KEY (`school_year_id`) REFERENCES `school_year` (`id`),
  CONSTRAINT `FKdxyviynkkraer6iqruxo7c95b` FOREIGN KEY (`time_id`) REFERENCES `time` (`id`),
  CONSTRAINT `FKgfxcb64uldhrvv0q1t9ibt7eg` FOREIGN KEY (`day_id`) REFERENCES `day` (`id`),
  CONSTRAINT `FKh0f2osad0fny475ietfhjj4aw` FOREIGN KEY (`campus_head_id`) REFERENCES `campus_head` (`id`),
  CONSTRAINT `FKjoucmes1e89rf6ephlayumnop` FOREIGN KEY (`subject_id`) REFERENCES `subject` (`id`),
  CONSTRAINT `FKne3g82rxua35acpihh5klpi4k` FOREIGN KEY (`instructor_id`) REFERENCES `instructor` (`id`),
  CONSTRAINT `FKo1wbjmkxt8ayo8gs8wfvef4iy` FOREIGN KEY (`school_id`) REFERENCES `school` (`id`),
  CONSTRAINT `FKrlwcatu089qg14qyxuaclu7n` FOREIGN KEY (`room_id`) REFERENCES `room` (`id`)
) ENGINE=INNODB DEFAULT CHARSET=utf8mb4 COLLATE=utf8mb4_0900_ai_ci;

INSERT INTO `schedule` (`id`,`deleted`,`campus_head_id`,`day_id`,`instructor_id`,`room_id`,`school_id`,`school_year_id`,`section_id`,`subject_id`,`time_id`) VALUES 
 (1,0,1,1,3,2,1,1,2,2,1),
 (2,0,1,1,11,11,1,1,4,4,1),
 (3,0,1,1,6,7,1,1,11,10,1),
 (4,0,1,2,12,8,1,1,11,2,1),
 (5,0,1,2,1,8,1,1,4,4,6),
 (6,0,1,2,5,2,1,1,3,4,2),
 (7,0,1,1,4,1,1,1,3,14,1),
 (8,0,1,1,6,6,1,1,3,5,6),
 (9,0,1,2,18,7,1,1,2,10,4),
 (10,0,1,1,13,10,1,1,6,6,4),
 (11,0,1,2,7,5,1,1,1,1,6),
 (12,0,1,1,1,4,1,1,11,1,1),
 (13,0,1,1,3,8,1,1,3,6,6),
 (14,0,1,1,12,10,1,1,6,1,7),
 (15,0,1,2,11,9,1,1,4,6,6),
 (16,0,1,1,8,10,1,1,1,1,1),
 (17,0,1,1,17,5,1,1,7,8,4),
 (18,0,1,1,10,7,1,1,5,7,5),
 (19,0,1,2,5,9,1,1,3,8,5),
 (20,0,1,2,13,10,1,1,3,5,5),
 (21,0,1,1,19,1,1,1,8,5,4),
 (22,0,1,1,9,4,1,1,2,6,3),
 (23,0,1,2,14,10,1,1,2,2,4),
 (24,0,1,2,7,3,1,1,3,4,6);






